{
    "debugInfo": {
        "kdCopyDataBlock": -8785621862876,
        "kdDebuggerData": -8785620482864,
        "kdpDataBlockEncoded": -8785620259296,
        "ntosBase": -8785623937024,
        "pdbAge": 1,
        "pdbGuid": "31C51B7D-1C25-45A8-8F69-E13FC73E6894",
        "pdbName": "ntkrnlmp.pdb",
        "regCr0": 2147811377,
        "regCr3": 1613860864,
        "regCr4": 329464,
        "regNtCr3": 1744896
    },
    "fileInfo": {
        "fileSize": 2147020800,
        "sha256": "f896d30a09663f781fe008dc23a5b45a7905afd778cf8da1a64726f890fa715c"
    },
    "machineInfo": {
        "architectureType": "x64",
        "date": "2020-06-24T21:30:00.681Z",
        "machineId": "C70ADBA1-00DA-074A-809A-CD04E49DC7DA",
        "machineName": "SECURITYNIK-WIN",
        "maxPhysicalMemory": 2147418112,
        "numberProcessors": 2,
        "timestamp": 132375076305503277,
        "userName": "SecurityNik",
        "workgroupName": "WORKGROUP"
    },
    "osVersion": {
        "buildNumber": 16299,
        "majorVersion": 10,
        "minorVersion": 0,
        "productType": 1,
        "servicePackMajor": 0,
        "servicePackMinor": 0,
        "suiteMask": 256
    },
    "serviceInfo": {
        "acquisitionTime": "2:49",
        "ntStatus": 0,
        "serviceName": "DumpIt",
        "serviceVersion": "3.0.20180307.1",
        "totalAccessiblePages": 524173,
        "totalInaccessiblePages": 0,
        "totalPhysicalPages": 524173
    }
}
